{"cameraMode":{"drawMode":0,"name":"Shaded","section":"Shading Mode"},"sceneLighting":false,"audioPlay":false,"sceneViewState":{"m_AlwaysRefresh":false,"showFog":true,"showSkybox":false,"showFlares":true,"showImageEffects":true,"showParticleSystems":true,"showVisualEffectGraphs":true,"m_FxEnabled":true},"in2DMode":false,"pivot":{"x":2.765285015106201,"y":1.6706938743591309,"z":396.5506896972656},"rotation":{"x":-0.02506445348262787,"y":-0.4539409279823303,"z":-0.012899096123874188,"w":0.8906962871551514},"size":1.4672529697418213,"orthographic":false}