{"cameraMode":{"drawMode":0,"name":"Shaded","section":"Shading Mode"},"sceneLighting":false,"audioPlay":false,"sceneViewState":{"m_AlwaysRefresh":false,"showFog":true,"showSkybox":false,"showFlares":true,"showImageEffects":true,"showParticleSystems":true,"showVisualEffectGraphs":true,"m_FxEnabled":true},"in2DMode":false,"pivot":{"x":-0.09182669222354889,"y":0.9808802604675293,"z":398.00726318359377},"rotation":{"x":0.4813024401664734,"y":-0.5188223123550415,"z":0.4998578429222107,"w":0.49950680136680605},"size":0.872309148311615,"orthographic":false}