{"cameraMode":{"drawMode":0,"name":"Shaded","section":"Shading Mode"},"sceneLighting":false,"audioPlay":false,"sceneViewState":{"m_AlwaysRefresh":false,"showFog":true,"showSkybox":false,"showFlares":true,"showImageEffects":true,"showParticleSystems":true,"showVisualEffectGraphs":true,"m_FxEnabled":true},"in2DMode":false,"pivot":{"x":11.103557586669922,"y":-44.895572662353519,"z":435.4089660644531},"rotation":{"x":-0.02285921387374401,"y":-0.9750519394874573,"z":0.11876371502876282,"w":-0.1875380575656891},"size":252.37405395507813,"orthographic":true}