{"cameraMode":{"drawMode":0,"name":"Shaded","section":"Shading Mode"},"sceneLighting":false,"audioPlay":false,"sceneViewState":{"m_AlwaysRefresh":false,"showFog":true,"showSkybox":false,"showFlares":true,"showImageEffects":true,"showParticleSystems":true,"showVisualEffectGraphs":true,"m_FxEnabled":true},"in2DMode":false,"pivot":{"x":1.0951409339904786,"y":5.539066791534424,"z":4.097775936126709},"rotation":{"x":0.06347101181745529,"y":0.9121158123016357,"z":-0.15470969676971436,"w":0.37431055307388308},"size":1.2753574848175049,"orthographic":false}