{"cameraMode":{"drawMode":0,"name":"Shaded","section":"Shading Mode"},"sceneLighting":false,"audioPlay":false,"sceneViewState":{"m_AlwaysRefresh":false,"showFog":true,"showSkybox":false,"showFlares":true,"showImageEffects":true,"showParticleSystems":true,"showVisualEffectGraphs":true,"m_FxEnabled":true},"in2DMode":false,"pivot":{"x":-43.56037139892578,"y":29.960269927978517,"z":541.8815307617188},"rotation":{"x":-0.23300668597221375,"y":-0.1875755786895752,"z":0.045883629471063617,"w":-0.9533814191818237},"size":241.13790893554688,"orthographic":true}