{"cameraMode":{"drawMode":0,"name":"Shaded","section":"Shading Mode"},"sceneLighting":true,"audioPlay":false,"sceneViewState":{"m_AlwaysRefresh":false,"showFog":true,"showSkybox":true,"showFlares":true,"showImageEffects":true,"showParticleSystems":true,"showVisualEffectGraphs":true,"m_FxEnabled":true},"in2DMode":false,"pivot":{"x":1.5476608276367188,"y":0.6536242961883545,"z":106.29070281982422},"rotation":{"x":0.039918892085552219,"y":0.688101053237915,"z":0.03807767853140831,"w":-0.7236540913581848},"size":2.934169054031372,"orthographic":false}