{"cameraMode":{"drawMode":0,"name":"Shaded","section":"Shading Mode"},"sceneLighting":true,"audioPlay":false,"sceneViewState":{"m_AlwaysRefresh":false,"showFog":true,"showSkybox":true,"showFlares":true,"showImageEffects":true,"showParticleSystems":true,"showVisualEffectGraphs":true,"m_FxEnabled":true},"in2DMode":false,"pivot":{"x":-37.33151626586914,"y":-889.4425048828125,"z":-28.907638549804689},"rotation":{"x":-0.17244015634059907,"y":0.04663622006773949,"z":-0.008623754605650902,"w":-0.9845638871192932},"size":16.900955200195314,"orthographic":false}