{"cameraMode":{"drawMode":0,"name":"Shaded","section":"Shading Mode"},"sceneLighting":true,"audioPlay":false,"sceneViewState":{"m_AlwaysRefresh":false,"showFog":true,"showSkybox":true,"showFlares":true,"showImageEffects":true,"showParticleSystems":true,"showVisualEffectGraphs":true,"m_FxEnabled":true},"in2DMode":false,"pivot":{"x":0.3194541931152344,"y":5.972389221191406,"z":2.8057985305786135},"rotation":{"x":-0.16795015335083009,"y":-0.6616002917289734,"z":0.15561653673648835,"w":-0.7140544056892395},"size":12.640157699584961,"orthographic":false}