{"cameraMode":{"drawMode":0,"name":"Shaded","section":"Shading Mode"},"sceneLighting":true,"audioPlay":false,"sceneViewState":{"m_AlwaysRefresh":false,"showFog":true,"showSkybox":true,"showFlares":true,"showImageEffects":true,"showParticleSystems":true,"showVisualEffectGraphs":true,"m_FxEnabled":true},"in2DMode":false,"pivot":{"x":-27.619314193725587,"y":-15.916528701782227,"z":323.4771423339844},"rotation":{"x":-0.5000024437904358,"y":0.06069986894726753,"z":-0.035177670419216159,"w":-0.8632171154022217},"size":130.38800048828126,"orthographic":true}