{"cameraMode":{"drawMode":0,"name":"Shaded","section":"Shading Mode"},"sceneLighting":true,"audioPlay":false,"sceneViewState":{"m_AlwaysRefresh":false,"showFog":true,"showSkybox":true,"showFlares":true,"showImageEffects":true,"showParticleSystems":true,"showVisualEffectGraphs":true,"m_FxEnabled":true},"in2DMode":false,"pivot":{"x":1.5138188600540162,"y":0.7315075397491455,"z":38.49338912963867},"rotation":{"x":0.14771150052547456,"y":0.30301427841186526,"z":-0.047299254685640338,"w":0.9403989911079407},"size":3.9492220878601076,"orthographic":false}