{"cameraMode":{"drawMode":0,"name":"Shaded","section":"Shading Mode"},"sceneLighting":true,"audioPlay":false,"sceneViewState":{"m_AlwaysRefresh":false,"showFog":true,"showSkybox":true,"showFlares":true,"showImageEffects":true,"showParticleSystems":true,"showVisualEffectGraphs":true,"m_FxEnabled":true},"in2DMode":false,"pivot":{"x":26.58536148071289,"y":-871.2852172851563,"z":-38.00615310668945},"rotation":{"x":-0.031176138669252397,"y":0.04171202331781387,"z":-0.001461799954995513,"w":-0.9987652897834778},"size":2.451711893081665,"orthographic":false}