{"cameraMode":{"drawMode":0,"name":"Shaded","section":"Shading Mode"},"sceneLighting":false,"audioPlay":false,"sceneViewState":{"m_AlwaysRefresh":false,"showFog":true,"showSkybox":false,"showFlares":true,"showImageEffects":true,"showParticleSystems":true,"showVisualEffectGraphs":true,"m_FxEnabled":true},"in2DMode":false,"pivot":{"x":43.44681930541992,"y":2.0352444648742677,"z":473.07513427734377},"rotation":{"x":-0.10100223124027252,"y":-0.26639506220817568,"z":0.028056712821125985,"w":-0.9582443833351135},"size":5.027779579162598,"orthographic":false}