{"cameraMode":{"drawMode":0,"name":"Shaded","section":"Shading Mode"},"sceneLighting":false,"audioPlay":false,"sceneViewState":{"m_AlwaysRefresh":false,"showFog":true,"showSkybox":false,"showFlares":true,"showImageEffects":true,"showParticleSystems":true,"showVisualEffectGraphs":true,"m_FxEnabled":true},"in2DMode":false,"pivot":{"x":-199.9365997314453,"y":16.871990203857423,"z":298.20745849609377},"rotation":{"x":0.05133840814232826,"y":-0.6989760994911194,"z":0.05041234567761421,"w":0.7116205096244812},"size":25.462297439575197,"orthographic":false}