{"cameraMode":{"drawMode":0,"name":"Shaded","section":"Shading Mode"},"sceneLighting":false,"audioPlay":false,"sceneViewState":{"m_AlwaysRefresh":false,"showFog":true,"showSkybox":false,"showFlares":true,"showImageEffects":true,"showParticleSystems":true,"showVisualEffectGraphs":true,"m_FxEnabled":true},"in2DMode":false,"pivot":{"x":10.970000267028809,"y":7.199999809265137,"z":312.92401123046877},"rotation":{"x":-0.02347119338810444,"y":0.6160563826560974,"z":-0.018216749653220178,"w":-0.7873523831367493},"size":3.674234628677368,"orthographic":false}